{
    "response": {
        "count": 2,
        "items": [
            {
                "id": 457239017,
                "album_id": 274660470,
                "owner_id": -195095163,
                "user_id": 453922371,
                "sizes": [
                    {
                        "type": "m",
                        "url": "https://sun9-72.u...900/w7iANadLFb8.jpg",
                        "width": 130,
                        "height": 68
                    },
                    {
                        "type": "o",
                        "url": "https://sun9-11.u...904/KWa1lPrA8_I.jpg",
                        "width": 130,
                        "height": 87
                    },
                    {
                        "type": "p",
                        "url": "https://sun9-56.u...905/kBJRBKygUcc.jpg",
                        "width": 200,
                        "height": 133
                    },
                    {
                        "type": "q",
                        "url": "https://sun9-72.u...906/lQZQSzsLiJs.jpg",
                        "width": 320,
                        "height": 213
                    },
                    {
                        "type": "r",
                        "url": "https://sun9-36.u...907/NLirwt-jrbM.jpg",
                        "width": 510,
                        "height": 340
                    },
                    {
                        "type": "s",
                        "url": "https://sun9-24.u...8ff/fN66BUjDewg.jpg",
                        "width": 75,
                        "height": 39
                    },
                    {
                        "type": "x",
                        "url": "https://sun9-62.u...901/UzFC_2AYJAU.jpg",
                        "width": 604,
                        "height": 316
                    },
                    {
                        "type": "y",
                        "url": "https://sun9-37.u...902/sgDum_F1Oa8.jpg",
                        "width": 807,
                        "height": 422
                    },
                    {
                        "type": "z",
                        "url": "https://sun9-18.u...903/U_t0Dr1Q5j8.jpg",
                        "width": 1200,
                        "height": 627
                    }
                ],
                "text": "",
                "date": 1588872399,
                "has_tags": false
            },
            {
                "id": 457239018,
                "album_id": 274660470,
                "owner_id": -195095163,
                "user_id": 453922371,
                "sizes": [
                    {
                        "type": "m",
                        "url": "https://sun9-43.u...909/OWY1qVLn0QY.jpg",
                        "width": 130,
                        "height": 65
                    },
                    {
                        "type": "o",
                        "url": "https://sun9-23.u...90c/fkHmcUJiOlk.jpg",
                        "width": 130,
                        "height": 87
                    },
                    {
                        "type": "p",
                        "url": "https://sun9-20.u...90d/ukY9qydvw0s.jpg",
                        "width": 200,
                        "height": 133
                    },
                    {
                        "type": "q",
                        "url": "https://sun9-35.u...90e/C3j42_VrESU.jpg",
                        "width": 320,
                        "height": 213
                    },
                    {
                        "type": "r",
                        "url": "https://sun9-24.u...90f/VQY9oNX9OsQ.jpg",
                        "width": 510,
                        "height": 340
                    },
                    {
                        "type": "s",
                        "url": "https://sun9-50.u...908/Wo3nGffa3eA.jpg",
                        "width": 75,
                        "height": 37
                    },
                    {
                        "type": "x",
                        "url": "https://sun9-28.u...90a/DTF_alxRVgI.jpg",
                        "width": 604,
                        "height": 302
                    },
                    {
                        "type": "y",
                        "url": "https://sun9-70.u...90b/660JpxKxdYA.jpg",
                        "width": 800,
                        "height": 400
                    }
                ],
                "text": "",
                "date": 1588872399,
                "has_tags": false
            }
        ]
    }
}